{"AUC": 0.8286122395978258, "_runtime": 79, "_timestamp": 1619075217, "_step": 10, "ROC AUC Score": 0.8273579048832688, "Precision": 0.6716666666666666, "Recall": 0.3392255892255892, "F1 Score": 0.45078299776286346}