{"AUC": 0.8050902480197377, "_runtime": 75, "_timestamp": 1618837270, "_step": 10, "ROC AUC Score": 0.8077592570314228, "Precision": 0.6672443674176777, "Recall": 0.32407407407407407, "F1 Score": 0.4362606232294618}