{"AUC": 0.8062827225130891, "_runtime": 94, "_timestamp": 1618821951, "_step": 24, "ROC AUC Score": 0.7578983297168123, "Precision": 0.6651270207852193, "Recall": 0.24242424242424243, "Score": 0.35533621221468226}