{"AUC": 0.7007902498747843, "_runtime": 64, "_timestamp": 1619025311, "_step": 10, "ROC AUC Score": 0.7013890745419198, "Precision": 0.43795620437956206, "Recall": 0.050505050505050504, "F1 Score": 0.09056603773584906}