{"AUC": 0.8176952900365444, "_runtime": 35, "_timestamp": 1618926551, "_step": 10, "ROC AUC Score": 0.8093276538358144, "Precision": 0.6983805668016194, "Recall": 0.2904040404040404, "F1 Score": 0.41022592152199755}