{"AUC": 0.823381008032352, "_runtime": 78, "_timestamp": 1619080711, "_step": 10, "ROC AUC Score": 0.8260277009174231, "Precision": 0.6870748299319728, "Recall": 0.3400673400673401, "F1 Score": 0.45495495495495497}