{"AUC": 0.8242157790268425, "_runtime": 139, "_timestamp": 1619079439, "_step": 10, "ROC AUC Score": 0.8266949379102002, "Precision": 0.6651090342679128, "Recall": 0.35942760942760943, "F1 Score": 0.46666666666666673}