{"AUC": 0.7646687814198527, "_runtime": 16, "_timestamp": 1619023878, "_step": 10, "ROC AUC Score": 0.7584501833509333, "Precision": 0.6261859582542695, "Recall": 0.2777777777777778, "F1 Score": 0.3848396501457726}