{"AUC": 0.7440592130892092, "_runtime": 47, "_timestamp": 1619024963, "_step": 10, "ROC AUC Score": 0.7275396035045352, "Precision": 0.5972222222222222, "Recall": 0.2895622895622896, "F1 Score": 0.3900226757369615}