{"AUC": 0.8359582243493425, "_runtime": 121, "_timestamp": 1619075628, "_step": 10, "ROC AUC Score": 0.8205050802095355, "Precision": 0.6940418679549114, "Recall": 0.3627946127946128, "F1 Score": 0.476506357103372}