{"AUC": 0.8235665126977942, "_runtime": 77, "_timestamp": 1619016585, "_step": 10, "ROC AUC Score": 0.824254992952611, "Precision": 0.7051282051282052, "Recall": 0.32407407407407407, "F1 Score": 0.44405997693194926}