{"AUC": 0.8237891182963252, "_runtime": 129, "_timestamp": 1619075480, "_step": 10, "ROC AUC Score": 0.8248185427276737, "Precision": 0.6869851729818781, "Recall": 0.351010101010101, "F1 Score": 0.46462395543175483}