{"AUC": 0.8317843693768898, "_runtime": 134, "_timestamp": 1619079236, "_step": 10, "ROC AUC Score": 0.8283162458283763, "Precision": 0.6796116504854369, "Recall": 0.35353535353535354, "F1 Score": 0.4651162790697675}