iter	Logloss
0	0.6335550811
100	0.2998175974
