{"AUC": 0.8296696161908472, "_runtime": 146, "_timestamp": 1619083411, "_step": 10, "ROC AUC Score": 0.82704229473087, "Precision": 0.6802610114192496, "Recall": 0.351010101010101, "F1 Score": 0.4630760688506385}