{"AUC": 0.8311165525812975, "_runtime": 129, "_timestamp": 1619078103, "_step": 10, "ROC AUC Score": 0.8212046208296759, "Precision": 0.6891025641025641, "Recall": 0.36195286195286197, "F1 Score": 0.4746136865342163}