{"AUC": 0.8251618528205984, "_runtime": 79, "_timestamp": 1619065885, "_step": 10, "ROC AUC Score": 0.8255187331334222, "Precision": 0.7001795332136446, "Recall": 0.3282828282828283, "F1 Score": 0.44699140401146126}