{"AUC": 0.8225276865713174, "_runtime": 38, "_timestamp": 1619022951, "_step": 10, "ROC AUC Score": 0.8134851678080616, "Precision": 0.6685499058380414, "Recall": 0.2988215488215488, "F1 Score": 0.4130308318789994}