{"AUC": 0.7990335206930455, "_runtime": 29, "_timestamp": 1618924003, "_step": 10, "ROC AUC Score": 0.8015880574603557, "Precision": 0.6853281853281853, "Recall": 0.2988215488215488, "F1 Score": 0.41617819460726846}