{"AUC": 0.8226760903036712, "_runtime": 78, "_timestamp": 1619006744, "_step": 10, "ROC AUC Score": 0.8155274439736283, "Precision": 0.6644951140065146, "Recall": 0.3434343434343434, "F1 Score": 0.45283018867924535}