{"AUC": 0.7852505240506797, "_runtime": 37, "_timestamp": 1619025008, "_step": 10, "ROC AUC Score": 0.7510074461717602, "Precision": 0.7216117216117216, "Recall": 0.16582491582491582, "F1 Score": 0.269678302532512}