{"AUC": 0.8266644406106812, "_runtime": 147, "_timestamp": 1619081477, "_step": 10, "ROC AUC Score": 0.8276289583082702, "Precision": 0.686046511627907, "Recall": 0.34764309764309764, "F1 Score": 0.46145251396648046}