{"AUC": 0.8288162947298124, "_runtime": 80, "_timestamp": 1618986168, "_step": 10, "ROC AUC Score": 0.8171363131387392, "Precision": 0.6836555360281195, "Recall": 0.3274410774410774, "F1 Score": 0.44280022766078536}