{"AUC": 0.8284638358654721, "_runtime": 101, "_timestamp": 1619078712, "_step": 10, "ROC AUC Score": 0.8160625888349753, "Precision": 0.6992, "Recall": 0.36784511784511786, "F1 Score": 0.4820739106453392}