{"AUC": 0.8314968371454542, "_runtime": 79, "_timestamp": 1618985331, "_step": 10, "ROC AUC Score": 0.81671005377997, "Precision": 0.6768707482993197, "Recall": 0.335016835016835, "F1 Score": 0.44819819819819817}