{"AUC": 0.8409111989166527, "_runtime": 96, "_timestamp": 1618985741, "_step": 10, "ROC AUC Score": 0.8130649421727939, "Precision": 0.6514084507042254, "Recall": 0.3114478114478115, "F1 Score": 0.42141230068337127}