{"AUC": 0.8220824753742556, "_runtime": 160, "_timestamp": 1619043032, "_step": 10, "ROC AUC Score": 0.8210424529072522, "Precision": 0.6888519134775375, "Recall": 0.3484848484848485, "F1 Score": 0.4628283957518167}