{"AUC": 0.7860018179457213, "_runtime": 22, "_timestamp": 1619024431, "_step": 10, "ROC AUC Score": 0.7621597165598049, "Precision": 0.6798245614035088, "Recall": 0.13047138047138046, "F1 Score": 0.2189265536723164}