{"AUC": 0.8322852319735843, "_runtime": 125, "_timestamp": 1619081322, "_step": 10, "ROC AUC Score": 0.8229965438831782, "Precision": 0.6818873668188736, "Recall": 0.3771043771043771, "F1 Score": 0.48563685636856363}