{"AUC": 0.8354388112861039, "_runtime": 117, "_timestamp": 1619075942, "_step": 10, "ROC AUC Score": 0.8184441459143709, "Precision": 0.6828478964401294, "Recall": 0.3552188552188552, "F1 Score": 0.46733111849390924}