{"AUC": 0.8254215593522178, "_runtime": 85, "_timestamp": 1619079719, "_step": 10, "ROC AUC Score": 0.8251973677370679, "Precision": 0.6777408637873754, "Recall": 0.3434343434343434, "F1 Score": 0.4558659217877095}