{"AUC": 0.8251804032871425, "_runtime": 81, "_timestamp": 1619078208, "_step": 10, "ROC AUC Score": 0.8259341317898882, "Precision": 0.6688311688311688, "Recall": 0.3468013468013468, "F1 Score": 0.45676274944567624}