{"AUC": 0.6612221047359341, "_runtime": 43, "_timestamp": 1619025087, "_step": 10, "ROC AUC Score": 0.6446503522209301, "Precision": 0.45098039215686275, "Recall": 0.01936026936026936, "F1 Score": 0.03712671509281679}