{"AUC": 0.8325263880386592, "_runtime": 130, "_timestamp": 1619083258, "_step": 10, "ROC AUC Score": 0.8242664106140065, "Precision": 0.6913385826771653, "Recall": 0.36952861952861954, "F1 Score": 0.4816236972024136}