{"AUC": 0.8228059435694808, "_runtime": 129, "_timestamp": 1619080049, "_step": 10, "ROC AUC Score": 0.8262376744952837, "Precision": 0.6749226006191951, "Recall": 0.367003367003367, "F1 Score": 0.4754634678298801}