{"AUC": 0.8131597009664794, "_runtime": 156, "_timestamp": 1619025853, "_step": 10, "ROC AUC Score": 0.806989446739116, "Precision": 0.6528189910979229, "Recall": 0.37037037037037035, "F1 Score": 0.47261009667024706}