{"AUC": 0.6368189659969948, "_runtime": 16, "_timestamp": 1619025371, "_step": 10, "ROC AUC Score": 0.6315511384986463, "Precision": 0.0, "Recall": 0.0, "F1 Score": 0.0}