{"AUC": 0.8267571929434026, "_runtime": 83, "_timestamp": 1619076210, "_step": 10, "ROC AUC Score": 0.8269516960518284, "Precision": 0.6721311475409836, "Recall": 0.3451178451178451, "F1 Score": 0.45606229143492766}