{"AUC": 0.8253473574860408, "_runtime": 132, "_timestamp": 1619025689, "_step": 10, "ROC AUC Score": 0.8075859499271498, "Precision": 0.6776212832550861, "Recall": 0.36447811447811446, "F1 Score": 0.47400109469074986}