{"AUC": 0.819095850260634, "_runtime": 29, "_timestamp": 1618924758, "_step": 10, "ROC AUC Score": 0.8044068274273392, "Precision": 0.6516245487364621, "Recall": 0.30387205387205385, "F1 Score": 0.41446613088404133}