{"AUC": 0.8069452946741611, "_runtime": 63, "_timestamp": 1619023652, "_step": 10, "ROC AUC Score": 0.8044395951872794, "Precision": 0.6308345120226309, "Recall": 0.37542087542087543, "F1 Score": 0.47071240105540896}