{"AUC": 0.8242343294933868, "_runtime": 79, "_timestamp": 1619017748, "_step": 10, "ROC AUC Score": 0.8257093987960772, "Precision": 0.6661184210526315, "Recall": 0.3409090909090909, "F1 Score": 0.45100222717149213}