{"AUC": 0.779462778488879, "_runtime": 14, "_timestamp": 1618930186, "_step": 10, "ROC AUC Score": 0.7537140817081267, "Precision": 0.6842105263157895, "Recall": 0.0765993265993266, "F1 Score": 0.13777441332323997}