{"AUC": 0.8481382978723404, "_runtime": 89, "_timestamp": 1619081574, "_step": 24, "ROC AUC Score": 0.8201751747737632, "Precision": 0.6824457593688363, "Recall": 0.29124579124579125, "F1 Score": 0.408259587020649}