{"AUC": 0.832118277774686, "_runtime": 116, "_timestamp": 1619065634, "_step": 10, "ROC AUC Score": 0.8226712797731766, "Precision": 0.6791862284820032, "Recall": 0.3653198653198653, "F1 Score": 0.4750957854406131}