{"AUC": 0.7843693768898288, "_runtime": 34, "_timestamp": 1619024064, "_step": 10, "ROC AUC Score": 0.8003310936151695, "Precision": 0.6330409356725146, "Recall": 0.36447811447811446, "F1 Score": 0.46260683760683763}