{"AUC": 0.5816127775613557, "_runtime": 80, "_timestamp": 1619025223, "_step": 10, "ROC AUC Score": 0.5681074641429736, "Precision": 0.0, "Recall": 0.0, "F1 Score": 0.0}