{"AUC": 0.6458159422709481, "_runtime": 42, "_timestamp": 1619025136, "_step": 10, "ROC AUC Score": 0.6202998222186578, "Precision": 0.6, "Recall": 0.0025252525252525255, "F1 Score": 0.0050293378038558266}