{"AUC": 0.7767729608399652, "_runtime": 15, "_timestamp": 1618935266, "_step": 10, "ROC AUC Score": 0.7594534523295, "Precision": 0.7061068702290076, "Recall": 0.15572390572390574, "F1 Score": 0.25517241379310346}