{"AUC": 0.8269241471423006, "_runtime": 124, "_timestamp": 1619025984, "_step": 10, "ROC AUC Score": 0.82627861098858, "Precision": 0.6831345826235093, "Recall": 0.33754208754208753, "F1 Score": 0.4518309859154929}