{"AUC": 0.7820412933385275, "_runtime": 47, "_timestamp": 1618912355, "_step": 10, "ROC AUC Score": 0.7449889462185448, "Precision": 0.6563380281690141, "Recall": 0.19612794612794612, "F1 Score": 0.3020090732339598}