{"AUC": 0.7816610087743706, "_runtime": 75, "_timestamp": 1618835001, "_step": 10, "ROC AUC Score": 0.7876589746902936, "Precision": 0.699724517906336, "Recall": 0.2138047138047138, "F1 Score": 0.3275306254029658}