{"AUC": 0.7437067542248688, "_runtime": 31, "_timestamp": 1619021954, "_step": 10, "ROC AUC Score": 0.7599244540686976, "Precision": 0.5760135135135135, "Recall": 0.28703703703703703, "F1 Score": 0.3831460674157303}