{"AUC": 0.8284267349323835, "_runtime": 138, "_timestamp": 1619065185, "_step": 10, "ROC AUC Score": 0.8214794801418093, "Precision": 0.6757188498402555, "Recall": 0.3560606060606061, "F1 Score": 0.46637265711135606}