{"AUC": 0.8225647875044058, "_runtime": 78, "_timestamp": 1619016207, "_step": 10, "ROC AUC Score": 0.8243041910057791, "Precision": 0.701627486437613, "Recall": 0.3265993265993266, "F1 Score": 0.44572085008615736}