{"AUC": 0.6728810729589849, "_runtime": 74, "_timestamp": 1618837498, "_step": 10, "ROC AUC Score": 0.641330783203302, "Precision": 0.4318181818181818, "Recall": 0.015993265993265993, "F1 Score": 0.03084415584415584}