{"AUC": 0.7796111822212328, "_runtime": 23, "_timestamp": 1619024699, "_step": 10, "ROC AUC Score": 0.7318283741695739, "Precision": 0.6822916666666666, "Recall": 0.11026936026936027, "F1 Score": 0.1898550724637681}