{"AUC": 0.7691950952566458, "_runtime": 14, "_timestamp": 1618992348, "_step": 10, "ROC AUC Score": 0.7653105269724149, "Precision": 0.6744186046511628, "Recall": 0.12205387205387205, "F1 Score": 0.20669992872416248}