{"AUC": 0.8297716437568404, "_runtime": 78, "_timestamp": 1618986837, "_step": 10, "ROC AUC Score": 0.8072467618398363, "Precision": 0.6597353497164461, "Recall": 0.2937710437710438, "F1 Score": 0.40652300524170065}