{"AUC": 0.8106368375164635, "_runtime": 34, "_timestamp": 1619024169, "_step": 10, "ROC AUC Score": 0.8169187277866148, "Precision": 0.6655290102389079, "Recall": 0.3282828282828283, "F1 Score": 0.43968432919954903}