{"AUC": 0.7908898658801269, "_runtime": 33, "_timestamp": 1618934612, "_step": 10, "ROC AUC Score": 0.760049769864503, "Precision": 0.7088235294117647, "Recall": 0.20286195286195285, "F1 Score": 0.31544502617801046}