{"AUC": 0.8329530487691764, "_runtime": 117, "_timestamp": 1619080234, "_step": 10, "ROC AUC Score": 0.8208776858423968, "Precision": 0.6756329113924051, "Recall": 0.35942760942760943, "F1 Score": 0.4692307692307693}