{"AUC": 0.7640751664904373, "_runtime": 154, "_timestamp": 1618834736, "_step": 10, "ROC AUC Score": 0.7672395547891799, "Precision": 0.6543535620052771, "Recall": 0.20875420875420875, "F1 Score": 0.31652839821314616}