{"AUC": 0.8085777357300536, "_runtime": 102, "_timestamp": 1619021210, "_step": 10, "ROC AUC Score": 0.8048494242528209, "Precision": 0.6285714285714286, "Recall": 0.35185185185185186, "F1 Score": 0.4511602806260119}