{"AUC": 0.7762349973101824, "_runtime": 14, "_timestamp": 1618922897, "_step": 10, "ROC AUC Score": 0.7638729227282381, "Precision": 0.7070063694267515, "Recall": 0.18686868686868688, "F1 Score": 0.2956058588548602}