{"AUC": 0.8255143116849388, "_runtime": 132, "_timestamp": 1619065787, "_step": 10, "ROC AUC Score": 0.8306324530409224, "Precision": 0.676948051948052, "Recall": 0.351010101010101, "F1 Score": 0.46230598669623063}