{"AUC": 0.8282041293338527, "_runtime": 165, "_timestamp": 1619017389, "_step": 10, "ROC AUC Score": 0.816023973004564, "Precision": 0.670846394984326, "Recall": 0.3602693602693603, "F1 Score": 0.4687842278203724}