{"AUC": 0.840299033520693, "_runtime": 105, "_timestamp": 1618985484, "_step": 10, "ROC AUC Score": 0.805448526583286, "Precision": 0.666, "Recall": 0.2803030303030303, "F1 Score": 0.39454976303317535}