{"AUC": 0.8281113770011317, "_runtime": 109, "_timestamp": 1619083527, "_step": 10, "ROC AUC Score": 0.8280748968883067, "Precision": 0.6688417618270799, "Recall": 0.3451178451178451, "F1 Score": 0.45530260966129926}