{"AUC": 0.7791381453243549, "_runtime": 21, "_timestamp": 1619024645, "_step": 10, "ROC AUC Score": 0.749477015412172, "Precision": 0.664, "Recall": 0.27946127946127947, "F1 Score": 0.39336492890995256}