{"AUC": 0.7025618194297587, "_runtime": 43, "_timestamp": 1618993011, "_step": 10, "ROC AUC Score": 0.7096593601059856, "Precision": 0.4691780821917808, "Recall": 0.11531986531986532, "F1 Score": 0.18513513513513516}