{"AUC": 0.7862615244773408, "_runtime": 40, "_timestamp": 1619024909, "_step": 10, "ROC AUC Score": 0.7056366302341159, "Precision": 0.6442307692307693, "Recall": 0.281986531986532, "F1 Score": 0.39227166276346603}