{"AUC": 0.8213775576455749, "_runtime": 48, "_timestamp": 1619022847, "_step": 10, "ROC AUC Score": 0.8194793472142391, "Precision": 0.6894904458598726, "Recall": 0.36447811447811446, "F1 Score": 0.4768722466960352}