{"AUC": 0.7821989723041534, "_runtime": 27, "_timestamp": 1619021916, "_step": 10, "ROC AUC Score": 0.7596498732361106, "Precision": 0.649402390438247, "Recall": 0.27441077441077444, "F1 Score": 0.3857988165680474}