{"AUC": 0.8311165525812975, "_runtime": 117, "_timestamp": 1619080491, "_step": 10, "ROC AUC Score": 0.8242938872625684, "Precision": 0.6857585139318886, "Recall": 0.3728956228956229, "F1 Score": 0.4830970556161396}