{"AUC": 0.8289275975290777, "_runtime": 107, "_timestamp": 1619078840, "_step": 10, "ROC AUC Score": 0.8125140168038272, "Precision": 0.6405135520684736, "Recall": 0.3779461279461279, "F1 Score": 0.4753838009528851}