{"AUC": 0.8137347654293505, "_runtime": 36, "_timestamp": 1618926836, "_step": 10, "ROC AUC Score": 0.8119909393894837, "Precision": 0.7008547008547008, "Recall": 0.2760942760942761, "F1 Score": 0.3961352657004831}