{"AUC": 0.8265345873448716, "_runtime": 131, "_timestamp": 1619077959, "_step": 10, "ROC AUC Score": 0.8192816267364129, "Precision": 0.6588050314465409, "Recall": 0.35269360269360267, "F1 Score": 0.4594298245614035}