{"AUC": 0.7022928376648672, "_runtime": 29, "_timestamp": 1619025347, "_step": 10, "ROC AUC Score": 0.7041752624019937, "Precision": 0.42376681614349776, "Recall": 0.1590909090909091, "F1 Score": 0.2313341493268054}