{"AUC": 0.8212820149992925, "_runtime": 92, "_timestamp": 1618822354, "_step": 24, "ROC AUC Score": 0.7654995217577926, "Precision": 0.6774193548387096, "Recall": 0.2474747474747475, "F1 Score": 0.36251541307028357}