{"AUC": 0.8248093939562582, "_runtime": 126, "_timestamp": 1619080625, "_step": 10, "ROC AUC Score": 0.8264004922033152, "Precision": 0.6919275123558485, "Recall": 0.35353535353535354, "F1 Score": 0.46796657381615603}