{"AUC": 0.7825143302354055, "_runtime": 33, "_timestamp": 1618933767, "_step": 10, "ROC AUC Score": 0.7503551542479641, "Precision": 0.75, "Recall": 0.1893939393939394, "F1 Score": 0.30241935483870963}