{"AUC": 0.8142727289591334, "_runtime": 30, "_timestamp": 1619024248, "_step": 10, "ROC AUC Score": 0.8172393505708458, "Precision": 0.697632058287796, "Recall": 0.3223905723905724, "F1 Score": 0.4409902130109384}