{"AUC": 0.8288997718292614, "_runtime": 86, "_timestamp": 1619078589, "_step": 10, "ROC AUC Score": 0.8146844863871773, "Precision": 0.6817447495961227, "Recall": 0.3552188552188552, "F1 Score": 0.46707249584947425}