{"AUC": 0.762229395069286, "_runtime": 93, "_timestamp": 1618835285, "_step": 10, "ROC AUC Score": 0.7490686715708771, "Precision": 0.6304347826086957, "Recall": 0.14646464646464646, "F1 Score": 0.23770491803278687}