{"AUC": 0.8272766060066412, "_runtime": 142, "_timestamp": 1619076109, "_step": 10, "ROC AUC Score": 0.8296206440229379, "Precision": 0.6871069182389937, "Recall": 0.36784511784511786, "F1 Score": 0.4791666666666667}