{"AUC": 0.8281206522344036, "_runtime": 104, "_timestamp": 1618986556, "_step": 10, "ROC AUC Score": 0.8048728165347045, "Precision": 0.6811594202898551, "Recall": 0.2769360269360269, "F1 Score": 0.3937761819269898}