{"AUC": 0.825365907952585, "_runtime": 83, "_timestamp": 1619077806, "_step": 10, "ROC AUC Score": 0.8267439503103375, "Precision": 0.680672268907563, "Recall": 0.3409090909090909, "F1 Score": 0.45429052159282113}