{"AUC": 0.7746303819541062, "_runtime": 33, "_timestamp": 1618934762, "_step": 10, "ROC AUC Score": 0.7590214377267751, "Precision": 0.6700507614213198, "Recall": 0.2222222222222222, "F1 Score": 0.33375474083438683}